-- SuburbScore Seed Data — Top 50 Sydney Suburbs
-- Safe to run multiple times (ON CONFLICT DO NOTHING).

INSERT INTO suburbs (id, name, postcode, lga, latitude, longitude, region) VALUES
('00000000-0000-0000-0000-000000000001','Surry Hills',   '2010','City of Sydney',                -33.888500, 151.211500,'Inner Sydney'),
('00000000-0000-0000-0000-000000000002','Newtown',        '2042','Inner West Council',            -33.897900, 151.179200,'Inner West'),
('00000000-0000-0000-0000-000000000003','Marrickville',   '2204','Inner West Council',            -33.912300, 151.155300,'Inner West'),
('00000000-0000-0000-0000-000000000004','Parramatta',     '2150','City of Parramatta',            -33.814800, 151.001700,'Western Sydney'),
('00000000-0000-0000-0000-000000000005','Chatswood',      '2067','Willoughby City Council',       -33.796100, 151.182100,'North Shore'),
('00000000-0000-0000-0000-000000000006','Bondi',          '2026','Waverley Council',              -33.891400, 151.274300,'Eastern Suburbs'),
('00000000-0000-0000-0000-000000000007','Manly',          '2095','Northern Beaches Council',      -33.796900, 151.285200,'Northern Beaches'),
('00000000-0000-0000-0000-000000000008','Penrith',        '2750','Penrith City Council',          -33.751400, 150.694200,'Western Sydney'),
('00000000-0000-0000-0000-000000000009','Liverpool',      '2170','Liverpool City Council',        -33.921300, 150.923400,'South Western Sydney'),
('00000000-0000-0000-0000-000000000010','Blacktown',      '2148','Blacktown City Council',        -33.767900, 150.904300,'Western Sydney'),
('00000000-0000-0000-0000-000000000011','Hurstville',     '2220','Georges River Council',         -33.964000, 151.101300,'South'),
('00000000-0000-0000-0000-000000000012','Bankstown',      '2200','Canterbury-Bankstown Council',  -33.916700, 151.033300,'South Western Sydney'),
('00000000-0000-0000-0000-000000000013','Hornsby',        '2077','Hornsby Shire Council',         -33.702700, 151.099600,'North'),
('00000000-0000-0000-0000-000000000014','North Sydney',   '2060','North Sydney Council',          -33.839300, 151.207700,'North Shore'),
('00000000-0000-0000-0000-000000000015','Neutral Bay',    '2089','North Sydney Council',          -33.830800, 151.216800,'North Shore'),
('00000000-0000-0000-0000-000000000016','Mosman',         '2088','Mosman Council',                -33.828500, 151.243700,'North Shore'),
('00000000-0000-0000-0000-000000000017','Paddington',     '2021','City of Sydney',                -33.883800, 151.227400,'Eastern Suburbs'),
('00000000-0000-0000-0000-000000000018','Glebe',          '2037','Inner West Council',            -33.882700, 151.185900,'Inner West'),
('00000000-0000-0000-0000-000000000019','Redfern',        '2016','City of Sydney',                -33.892100, 151.205300,'Inner City'),
('00000000-0000-0000-0000-000000000020','Alexandria',     '2015','City of Sydney',                -33.906300, 151.194600,'Inner South'),
('00000000-0000-0000-0000-000000000021','Randwick',       '2031','Randwick City Council',         -33.914900, 151.243000,'Eastern Suburbs'),
('00000000-0000-0000-0000-000000000022','Coogee',         '2034','Randwick City Council',         -33.921300, 151.257300,'Eastern Suburbs'),
('00000000-0000-0000-0000-000000000023','Cronulla',       '2230','Sutherland Shire Council',      -34.056500, 151.153200,'Sutherland'),
('00000000-0000-0000-0000-000000000024','Miranda',        '2228','Sutherland Shire Council',      -34.029600, 151.100900,'Sutherland'),
('00000000-0000-0000-0000-000000000025','Sutherland',     '2232','Sutherland Shire Council',      -34.032000, 151.057000,'Sutherland'),
('00000000-0000-0000-0000-000000000026','Epping',         '2121','City of Parramatta',            -33.772300, 151.082000,'North West'),
('00000000-0000-0000-0000-000000000027','Ryde',           '2112','Ryde City Council',             -33.817300, 151.101400,'North West'),
('00000000-0000-0000-0000-000000000028','Lane Cove',      '2066','Lane Cove Council',             -33.816800, 151.168000,'North Shore'),
('00000000-0000-0000-0000-000000000029','Strathfield',    '2135','Strathfield Council',           -33.877000, 151.083400,'Inner West'),
('00000000-0000-0000-0000-000000000030','Burwood',        '2134','Burwood Council',               -33.876000, 151.103400,'Inner West'),
('00000000-0000-0000-0000-000000000031','Ashfield',       '2131','Inner West Council',            -33.888300, 151.124800,'Inner West'),
('00000000-0000-0000-0000-000000000032','Leichhardt',     '2040','Inner West Council',            -33.884000, 151.157900,'Inner West'),
('00000000-0000-0000-0000-000000000033','Rozelle',        '2039','Inner West Council',            -33.862100, 151.174800,'Inner West'),
('00000000-0000-0000-0000-000000000034','Pyrmont',        '2009','City of Sydney',                -33.870700, 151.195500,'Inner City'),
('00000000-0000-0000-0000-000000000035','Ultimo',         '2007','City of Sydney',                -33.878600, 151.199800,'Inner City'),
('00000000-0000-0000-0000-000000000036','Chippendale',    '2008','City of Sydney',                -33.888000, 151.199200,'Inner City'),
('00000000-0000-0000-0000-000000000037','Dee Why',        '2099','Northern Beaches Council',      -33.751700, 151.292900,'Northern Beaches'),
('00000000-0000-0000-0000-000000000038','Narrabeen',      '2101','Northern Beaches Council',      -33.719700, 151.292700,'Northern Beaches'),
('00000000-0000-0000-0000-000000000039','Brookvale',      '2100','Northern Beaches Council',      -33.762500, 151.270500,'Northern Beaches'),
('00000000-0000-0000-0000-000000000040','Mona Vale',      '2103','Northern Beaches Council',      -33.679800, 151.303300,'Northern Beaches'),
('00000000-0000-0000-0000-000000000041','St Leonards',    '2065','North Sydney Council',          -33.822700, 151.194000,'North Shore'),
('00000000-0000-0000-0000-000000000042','Crows Nest',     '2065','North Sydney Council',          -33.826700, 151.206400,'North Shore'),
('00000000-0000-0000-0000-000000000043','Cremorne',       '2090','North Sydney Council',          -33.831700, 151.222000,'North Shore'),
('00000000-0000-0000-0000-000000000044','Meadowbank',     '2114','Ryde City Council',             -33.817600, 151.085200,'North West'),
('00000000-0000-0000-0000-000000000045','Macquarie Park', '2113','Ryde City Council',             -33.775300, 151.113700,'North West'),
('00000000-0000-0000-0000-000000000046','Kogarah',        '2217','Georges River Council',         -33.963300, 151.131700,'St George'),
('00000000-0000-0000-0000-000000000047','Rockdale',       '2216','Bayside Council',               -33.950300, 151.136800,'St George'),
('00000000-0000-0000-0000-000000000048','Caringbah',      '2229','Sutherland Shire Council',      -34.040400, 151.121800,'Sutherland'),
('00000000-0000-0000-0000-000000000049','Maroubra',       '2035','Randwick City Council',         -33.946700, 151.248200,'Eastern Suburbs'),
('00000000-0000-0000-0000-000000000050','Kensington',     '2033','Randwick City Council',         -33.905900, 151.226900,'Eastern Suburbs')
ON CONFLICT (postcode, name) DO NOTHING;

-- ── suburb_stats ──────────────────────────────────────────────────────────────
-- (suburb_id, median_rent_weekly, crime_index, walkability_score, population, median_age, unemployment_rate)
INSERT INTO suburb_stats (id, suburb_id, median_rent_weekly, median_rent_updated_at, crime_index, crime_updated_at, walkability_score, population, median_age, unemployment_rate, updated_at) VALUES
('00000000-0000-0000-0001-000000000001','00000000-0000-0000-0000-000000000001', 720, NOW(),  58.5, NOW(), 92.0, 22840, 30, 5.20, NOW()),
('00000000-0000-0000-0001-000000000002','00000000-0000-0000-0000-000000000002', 650, NOW(),  45.0, NOW(), 88.0, 15420, 29, 5.80, NOW()),
('00000000-0000-0000-0001-000000000003','00000000-0000-0000-0000-000000000003', 580, NOW(),  42.0, NOW(), 82.0, 28650, 31, 5.50, NOW()),
('00000000-0000-0000-0001-000000000004','00000000-0000-0000-0000-000000000004', 450, NOW(),  62.0, NOW(), 78.0, 35200, 33, 6.80, NOW()),
('00000000-0000-0000-0001-000000000005','00000000-0000-0000-0000-000000000005', 680, NOW(),  25.0, NOW(), 85.0, 25300, 34, 4.20, NOW()),
('00000000-0000-0000-0001-000000000006','00000000-0000-0000-0000-000000000006', 800, NOW(),  38.0, NOW(), 80.0, 11200, 29, 5.10, NOW()),
('00000000-0000-0000-0001-000000000007','00000000-0000-0000-0000-000000000007', 750, NOW(),  20.0, NOW(), 78.0, 16800, 35, 4.50, NOW()),
('00000000-0000-0000-0001-000000000008','00000000-0000-0000-0000-000000000008', 380, NOW(),  70.0, NOW(), 45.0, 42000, 35, 7.50, NOW()),
('00000000-0000-0000-0001-000000000009','00000000-0000-0000-0000-000000000009', 350, NOW(),  72.0, NOW(), 65.0, 48000, 32, 8.20, NOW()),
('00000000-0000-0000-0001-000000000010','00000000-0000-0000-0000-000000000010', 380, NOW(),  68.0, NOW(), 60.0, 55000, 33, 7.80, NOW()),
('00000000-0000-0000-0001-000000000011','00000000-0000-0000-0000-000000000011', 460, NOW(),  40.0, NOW(), 75.0, 18200, 34, 5.50, NOW()),
('00000000-0000-0000-0001-000000000012','00000000-0000-0000-0000-000000000012', 400, NOW(),  58.0, NOW(), 68.0, 32000, 33, 7.20, NOW()),
('00000000-0000-0000-0001-000000000013','00000000-0000-0000-0000-000000000013', 520, NOW(),  22.0, NOW(), 65.0, 19800, 38, 4.50, NOW()),
('00000000-0000-0000-0001-000000000014','00000000-0000-0000-0000-000000000014', 750, NOW(),  28.0, NOW(), 88.0, 14500, 32, 4.00, NOW()),
('00000000-0000-0000-0001-000000000015','00000000-0000-0000-0000-000000000015', 780, NOW(),  20.0, NOW(), 75.0, 12400, 33, 3.80, NOW()),
('00000000-0000-0000-0001-000000000016','00000000-0000-0000-0000-000000000016', 900, NOW(),  15.0, NOW(), 65.0, 18900, 40, 3.50, NOW()),
('00000000-0000-0000-0001-000000000017','00000000-0000-0000-0000-000000000017', 820, NOW(),  30.0, NOW(), 85.0, 13600, 33, 4.20, NOW()),
('00000000-0000-0000-0001-000000000018','00000000-0000-0000-0000-000000000018', 620, NOW(),  42.0, NOW(), 87.0, 14200, 30, 5.00, NOW()),
('00000000-0000-0000-0001-000000000019','00000000-0000-0000-0000-000000000019', 580, NOW(),  55.0, NOW(), 90.0, 10800, 29, 6.50, NOW()),
('00000000-0000-0000-0001-000000000020','00000000-0000-0000-0000-000000000020', 650, NOW(),  38.0, NOW(), 78.0, 18200, 31, 5.00, NOW()),
('00000000-0000-0000-0001-000000000021','00000000-0000-0000-0000-000000000021', 680, NOW(),  28.0, NOW(), 72.0, 32000, 32, 4.50, NOW()),
('00000000-0000-0000-0001-000000000022','00000000-0000-0000-0000-000000000022', 750, NOW(),  22.0, NOW(), 70.0, 13800, 30, 4.20, NOW()),
('00000000-0000-0000-0001-000000000023','00000000-0000-0000-0000-000000000023', 580, NOW(),  22.0, NOW(), 62.0, 19200, 36, 4.80, NOW()),
('00000000-0000-0000-0001-000000000024','00000000-0000-0000-0000-000000000024', 480, NOW(),  25.0, NOW(), 58.0, 18400, 37, 4.50, NOW()),
('00000000-0000-0000-0001-000000000025','00000000-0000-0000-0000-000000000025', 450, NOW(),  25.0, NOW(), 55.0, 22000, 38, 4.50, NOW()),
('00000000-0000-0000-0001-000000000026','00000000-0000-0000-0000-000000000026', 560, NOW(),  18.0, NOW(), 68.0, 15400, 36, 4.00, NOW()),
('00000000-0000-0000-0001-000000000027','00000000-0000-0000-0000-000000000027', 520, NOW(),  22.0, NOW(), 62.0, 24000, 35, 4.20, NOW()),
('00000000-0000-0000-0001-000000000028','00000000-0000-0000-0000-000000000028', 620, NOW(),  15.0, NOW(), 58.0, 11800, 38, 3.50, NOW()),
('00000000-0000-0000-0001-000000000029','00000000-0000-0000-0000-000000000029', 500, NOW(),  30.0, NOW(), 72.0, 16200, 34, 5.20, NOW()),
('00000000-0000-0000-0001-000000000030','00000000-0000-0000-0000-000000000030', 480, NOW(),  32.0, NOW(), 78.0, 12800, 33, 5.50, NOW()),
('00000000-0000-0000-0001-000000000031','00000000-0000-0000-0000-000000000031', 460, NOW(),  35.0, NOW(), 75.0, 18600, 33, 5.50, NOW()),
('00000000-0000-0000-0001-000000000032','00000000-0000-0000-0000-000000000032', 580, NOW(),  35.0, NOW(), 80.0, 14200, 31, 5.20, NOW()),
('00000000-0000-0000-0001-000000000033','00000000-0000-0000-0000-000000000033', 650, NOW(),  32.0, NOW(), 78.0, 10800, 32, 5.00, NOW()),
('00000000-0000-0000-0001-000000000034','00000000-0000-0000-0000-000000000034', 700, NOW(),  38.0, NOW(), 90.0, 18600, 32, 4.80, NOW()),
('00000000-0000-0000-0001-000000000035','00000000-0000-0000-0000-000000000035', 620, NOW(),  40.0, NOW(), 92.0,  8400, 28, 5.50, NOW()),
('00000000-0000-0000-0001-000000000036','00000000-0000-0000-0000-000000000036', 590, NOW(),  42.0, NOW(), 90.0,  6200, 28, 5.80, NOW()),
('00000000-0000-0000-0001-000000000037','00000000-0000-0000-0000-000000000037', 520, NOW(),  25.0, NOW(), 62.0, 19200, 34, 4.80, NOW()),
('00000000-0000-0000-0001-000000000038','00000000-0000-0000-0000-000000000038', 560, NOW(),  18.0, NOW(), 52.0, 12800, 35, 4.50, NOW()),
('00000000-0000-0000-0001-000000000039','00000000-0000-0000-0000-000000000039', 480, NOW(),  28.0, NOW(), 60.0, 11200, 34, 5.00, NOW()),
('00000000-0000-0000-0001-000000000040','00000000-0000-0000-0000-000000000040', 600, NOW(),  15.0, NOW(), 48.0, 14400, 38, 4.20, NOW()),
('00000000-0000-0000-0001-000000000041','00000000-0000-0000-0000-000000000041', 680, NOW(),  25.0, NOW(), 82.0,  8200, 32, 4.00, NOW()),
('00000000-0000-0000-0001-000000000042','00000000-0000-0000-0000-000000000042', 700, NOW(),  22.0, NOW(), 80.0,  9800, 33, 4.00, NOW()),
('00000000-0000-0000-0001-000000000043','00000000-0000-0000-0000-000000000043', 780, NOW(),  18.0, NOW(), 65.0, 11200, 34, 3.80, NOW()),
('00000000-0000-0000-0001-000000000044','00000000-0000-0000-0000-000000000044', 520, NOW(),  22.0, NOW(), 65.0, 14800, 33, 4.50, NOW()),
('00000000-0000-0000-0001-000000000045','00000000-0000-0000-0000-000000000045', 560, NOW(),  18.0, NOW(), 65.0, 16200, 32, 4.00, NOW()),
('00000000-0000-0000-0001-000000000046','00000000-0000-0000-0000-000000000046', 460, NOW(),  32.0, NOW(), 72.0, 22000, 34, 5.50, NOW()),
('00000000-0000-0000-0001-000000000047','00000000-0000-0000-0000-000000000047', 440, NOW(),  35.0, NOW(), 70.0, 19800, 34, 6.00, NOW()),
('00000000-0000-0000-0001-000000000048','00000000-0000-0000-0000-000000000048', 450, NOW(),  22.0, NOW(), 55.0, 17200, 37, 4.50, NOW()),
('00000000-0000-0000-0001-000000000049','00000000-0000-0000-0000-000000000049', 620, NOW(),  32.0, NOW(), 65.0, 28400, 33, 5.20, NOW()),
('00000000-0000-0000-0001-000000000050','00000000-0000-0000-0000-000000000050', 650, NOW(),  28.0, NOW(), 72.0, 11400, 27, 4.80, NOW())
ON CONFLICT (suburb_id) DO NOTHING;

-- ── transport_data ────────────────────────────────────────────────────────────
-- (suburb_id, nearest_train_station, train_station_walk_mins, num_bus_routes, cbd_commute_mins_train, cbd_commute_mins_bus)
-- Northern Beaches suburbs have no rail — cbd_commute_mins_train is NULL
INSERT INTO transport_data (id, suburb_id, nearest_train_station, train_station_walk_mins, num_bus_routes, cbd_commute_mins_train, cbd_commute_mins_bus, updated_at) VALUES
('00000000-0000-0000-0002-000000000001','00000000-0000-0000-0000-000000000001','Central Station',              8, 12, 12, 18, NOW()),
('00000000-0000-0000-0002-000000000002','00000000-0000-0000-0000-000000000002','Newtown Station',              5,  8, 18, 25, NOW()),
('00000000-0000-0000-0002-000000000003','00000000-0000-0000-0000-000000000003','Marrickville Station',         7, 10, 22, 30, NOW()),
('00000000-0000-0000-0002-000000000004','00000000-0000-0000-0000-000000000004','Parramatta Station',           3, 18, 45, 55, NOW()),
('00000000-0000-0000-0002-000000000005','00000000-0000-0000-0000-000000000005','Chatswood Station',            4, 15, 22, 35, NOW()),
('00000000-0000-0000-0002-000000000006','00000000-0000-0000-0000-000000000006','Bondi Junction Station',      12,  6, 25, 30, NOW()),
('00000000-0000-0000-0002-000000000007','00000000-0000-0000-0000-000000000007','Manly Wharf Ferry',            8,  8, 30, 60, NOW()),
('00000000-0000-0000-0002-000000000008','00000000-0000-0000-0000-000000000008','Penrith Station',              5, 12, 65, 80, NOW()),
('00000000-0000-0000-0002-000000000009','00000000-0000-0000-0000-000000000009','Liverpool Station',            4, 20, 55, 65, NOW()),
('00000000-0000-0000-0002-000000000010','00000000-0000-0000-0000-000000000010','Blacktown Station',            5, 18, 55, 65, NOW()),
('00000000-0000-0000-0002-000000000011','00000000-0000-0000-0000-000000000011','Hurstville Station',           4, 12, 35, 45, NOW()),
('00000000-0000-0000-0002-000000000012','00000000-0000-0000-0000-000000000012','Bankstown Station',            3, 15, 48, 55, NOW()),
('00000000-0000-0000-0002-000000000013','00000000-0000-0000-0000-000000000013','Hornsby Station',              4, 14, 45, 60, NOW()),
('00000000-0000-0000-0002-000000000014','00000000-0000-0000-0000-000000000014','North Sydney Station',         3, 15, 15, 20, NOW()),
('00000000-0000-0000-0002-000000000015','00000000-0000-0000-0000-000000000015','Milsons Point Station',       10, 10, 18, 22, NOW()),
('00000000-0000-0000-0002-000000000016','00000000-0000-0000-0000-000000000016','Milsons Point Station',       20,  8, 30, 35, NOW()),
('00000000-0000-0000-0002-000000000017','00000000-0000-0000-0000-000000000017','Edgecliff Station',           10,  8, 20, 25, NOW()),
('00000000-0000-0000-0002-000000000018','00000000-0000-0000-0000-000000000018','Central Station',             12,  6, 15, 20, NOW()),
('00000000-0000-0000-0002-000000000019','00000000-0000-0000-0000-000000000019','Redfern Station',              3, 10,  8, 15, NOW()),
('00000000-0000-0000-0002-000000000020','00000000-0000-0000-0000-000000000020','Green Square Station',         8,  8, 18, 22, NOW()),
('00000000-0000-0000-0002-000000000021','00000000-0000-0000-0000-000000000021','Randwick Light Rail',          8, 12, 25, 30, NOW()),
('00000000-0000-0000-0002-000000000022','00000000-0000-0000-0000-000000000022','Bondi Junction Station',      15,  6, 30, 28, NOW()),
('00000000-0000-0000-0002-000000000023','00000000-0000-0000-0000-000000000023','Cronulla Station',             5,  6, 55, 70, NOW()),
('00000000-0000-0000-0002-000000000024','00000000-0000-0000-0000-000000000024','Miranda Station',              5,  8, 48, 60, NOW()),
('00000000-0000-0000-0002-000000000025','00000000-0000-0000-0000-000000000025','Sutherland Station',           4, 10, 48, 62, NOW()),
('00000000-0000-0000-0002-000000000026','00000000-0000-0000-0000-000000000026','Epping Station',               5, 10, 35, 48, NOW()),
('00000000-0000-0000-0002-000000000027','00000000-0000-0000-0000-000000000027','West Ryde Station',            8, 10, 28, 38, NOW()),
('00000000-0000-0000-0002-000000000028','00000000-0000-0000-0000-000000000028','St Leonards Station',         12,  8, 22, 28, NOW()),
('00000000-0000-0000-0002-000000000029','00000000-0000-0000-0000-000000000029','Strathfield Station',          5, 12, 25, 35, NOW()),
('00000000-0000-0000-0002-000000000030','00000000-0000-0000-0000-000000000030','Burwood Station',              4, 12, 22, 30, NOW()),
('00000000-0000-0000-0002-000000000031','00000000-0000-0000-0000-000000000031','Ashfield Station',             4, 10, 20, 28, NOW()),
('00000000-0000-0000-0002-000000000032','00000000-0000-0000-0000-000000000032','Petersham Station',           12,  8, 18, 25, NOW()),
('00000000-0000-0000-0002-000000000033','00000000-0000-0000-0000-000000000033','Lilyfield Light Rail',         5,  6, 22, 25, NOW()),
('00000000-0000-0000-0002-000000000034','00000000-0000-0000-0000-000000000034','Pyrmont Bay Light Rail',       5,  6, 15, 18, NOW()),
('00000000-0000-0000-0002-000000000035','00000000-0000-0000-0000-000000000035','Central Station',              8,  8, 10, 12, NOW()),
('00000000-0000-0000-0002-000000000036','00000000-0000-0000-0000-000000000036','Central Station',              6,  8, 10, 12, NOW()),
('00000000-0000-0000-0002-000000000037','00000000-0000-0000-0000-000000000037','B-Line (Bus Rapid Transit)',NULL,  6, NULL, 45, NOW()),
('00000000-0000-0000-0002-000000000038','00000000-0000-0000-0000-000000000038','B-Line (Bus Rapid Transit)',NULL,  4, NULL, 60, NOW()),
('00000000-0000-0000-0002-000000000039','00000000-0000-0000-0000-000000000039','B-Line (Bus Rapid Transit)',NULL,  6, NULL, 50, NOW()),
('00000000-0000-0000-0002-000000000040','00000000-0000-0000-0000-000000000040','B-Line (Bus Rapid Transit)',NULL,  4, NULL, 65, NOW()),
('00000000-0000-0000-0002-000000000041','00000000-0000-0000-0000-000000000041','St Leonards Station',          3, 14, 18, 25, NOW()),
('00000000-0000-0000-0002-000000000042','00000000-0000-0000-0000-000000000042','Crows Nest Metro',             3, 12, 18, 22, NOW()),
('00000000-0000-0000-0002-000000000043','00000000-0000-0000-0000-000000000043','Milsons Point Station',       15,  8, 22, 28, NOW()),
('00000000-0000-0000-0002-000000000044','00000000-0000-0000-0000-000000000044','Meadowbank Station',           5,  8, 28, 38, NOW()),
('00000000-0000-0000-0002-000000000045','00000000-0000-0000-0000-000000000045','Macquarie Park Metro',         4, 10, 28, 38, NOW()),
('00000000-0000-0000-0002-000000000046','00000000-0000-0000-0000-000000000046','Kogarah Station',              4, 10, 32, 42, NOW()),
('00000000-0000-0000-0002-000000000047','00000000-0000-0000-0000-000000000047','Rockdale Station',             4, 10, 28, 38, NOW()),
('00000000-0000-0000-0002-000000000048','00000000-0000-0000-0000-000000000048','Caringbah Station',            5,  8, 45, 58, NOW()),
('00000000-0000-0000-0002-000000000049','00000000-0000-0000-0000-000000000049','Mascot Station',              15,  8, 28, 30, NOW()),
('00000000-0000-0000-0002-000000000050','00000000-0000-0000-0000-000000000050','Kensington Light Rail',        5,  8, 22, 25, NOW())
ON CONFLICT (suburb_id) DO NOTHING;

-- ── school_data ───────────────────────────────────────────────────────────────
-- (suburb_id, num_primary_schools, num_high_schools, avg_naplan_score, best_school_name)
INSERT INTO school_data (id, suburb_id, num_primary_schools, num_high_schools, avg_naplan_score, best_school_name, updated_at) VALUES
('00000000-0000-0000-0003-000000000001','00000000-0000-0000-0000-000000000001',3,1,515.0,'Cleveland Street Intermediate High School', NOW()),
('00000000-0000-0000-0003-000000000002','00000000-0000-0000-0000-000000000002',2,1,520.0,'Newtown High School of the Performing Arts', NOW()),
('00000000-0000-0000-0003-000000000003','00000000-0000-0000-0000-000000000003',4,1,495.0,'Marrickville High School', NOW()),
('00000000-0000-0000-0003-000000000004','00000000-0000-0000-0000-000000000004',8,3,480.0,'Parramatta High School', NOW()),
('00000000-0000-0000-0003-000000000005','00000000-0000-0000-0000-000000000005',5,2,555.0,'Chatswood High School', NOW()),
('00000000-0000-0000-0003-000000000006','00000000-0000-0000-0000-000000000006',2,0,510.0,'Bondi Public School', NOW()),
('00000000-0000-0000-0003-000000000007','00000000-0000-0000-0000-000000000007',3,1,535.0,'Manly Selective Campus', NOW()),
('00000000-0000-0000-0003-000000000008','00000000-0000-0000-0000-000000000008',12,4,455.0,'Penrith High School', NOW()),
('00000000-0000-0000-0003-000000000009','00000000-0000-0000-0000-000000000009',10,4,460.0,'Liverpool Boys High School', NOW()),
('00000000-0000-0000-0003-000000000010','00000000-0000-0000-0000-000000000010',15,5,458.0,'Blacktown Boys High School', NOW()),
('00000000-0000-0000-0003-000000000011','00000000-0000-0000-0000-000000000011',4,2,500.0,'Georges River College Hurstville Campus', NOW()),
('00000000-0000-0000-0003-000000000012','00000000-0000-0000-0000-000000000012',8,3,470.0,'Bankstown Girls High School', NOW()),
('00000000-0000-0000-0003-000000000013','00000000-0000-0000-0000-000000000013',5,2,535.0,'Normanhurst Boys High School', NOW()),
('00000000-0000-0000-0003-000000000014','00000000-0000-0000-0000-000000000014',3,2,570.0,'North Sydney Boys High School', NOW()),
('00000000-0000-0000-0003-000000000015','00000000-0000-0000-0000-000000000015',2,0,540.0,'Neutral Bay Public School', NOW()),
('00000000-0000-0000-0003-000000000016','00000000-0000-0000-0000-000000000016',4,1,570.0,'Mosman High School', NOW()),
('00000000-0000-0000-0003-000000000017','00000000-0000-0000-0000-000000000017',2,0,530.0,'Paddington Public School', NOW()),
('00000000-0000-0000-0003-000000000018','00000000-0000-0000-0000-000000000018',2,1,525.0,'Sydney Secondary College Blackwattle Bay Campus', NOW()),
('00000000-0000-0000-0003-000000000019','00000000-0000-0000-0000-000000000019',2,0,490.0,'Redfern Public School', NOW()),
('00000000-0000-0000-0003-000000000020','00000000-0000-0000-0000-000000000020',2,0,510.0,'Alexandria Park Community School', NOW()),
('00000000-0000-0000-0003-000000000021','00000000-0000-0000-0000-000000000021',5,2,540.0,'Randwick Boys High School', NOW()),
('00000000-0000-0000-0003-000000000022','00000000-0000-0000-0000-000000000022',2,0,525.0,'Coogee Public School', NOW()),
('00000000-0000-0000-0003-000000000023','00000000-0000-0000-0000-000000000023',3,1,515.0,'Cronulla High School', NOW()),
('00000000-0000-0000-0003-000000000024','00000000-0000-0000-0000-000000000024',4,1,510.0,'Miranda High School', NOW()),
('00000000-0000-0000-0003-000000000025','00000000-0000-0000-0000-000000000025',4,2,505.0,'Sutherland Shire Education Community', NOW()),
('00000000-0000-0000-0003-000000000026','00000000-0000-0000-0000-000000000026',4,1,570.0,'Epping Boys High School', NOW()),
('00000000-0000-0000-0003-000000000027','00000000-0000-0000-0000-000000000027',5,1,535.0,'Ryde Secondary College', NOW()),
('00000000-0000-0000-0003-000000000028','00000000-0000-0000-0000-000000000028',3,0,545.0,'Lane Cove Public School', NOW()),
('00000000-0000-0000-0003-000000000029','00000000-0000-0000-0000-000000000029',4,1,525.0,'Strathfield Girls High School', NOW()),
('00000000-0000-0000-0003-000000000030','00000000-0000-0000-0000-000000000030',3,1,520.0,'Burwood Girls High School', NOW()),
('00000000-0000-0000-0003-000000000031','00000000-0000-0000-0000-000000000031',3,1,510.0,'Ashfield Boys High School', NOW()),
('00000000-0000-0000-0003-000000000032','00000000-0000-0000-0000-000000000032',3,0,520.0,'Leichhardt Public School', NOW()),
('00000000-0000-0000-0003-000000000033','00000000-0000-0000-0000-000000000033',2,0,530.0,'Rozelle Public School', NOW()),
('00000000-0000-0000-0003-000000000034','00000000-0000-0000-0000-000000000034',1,0,515.0,'Pyrmont Bridge Road Public School', NOW()),
('00000000-0000-0000-0003-000000000035','00000000-0000-0000-0000-000000000035',1,0,505.0,'Ultimo Public School', NOW()),
('00000000-0000-0000-0003-000000000036','00000000-0000-0000-0000-000000000036',1,0,510.0,'Bourke Street Public School', NOW()),
('00000000-0000-0000-0003-000000000037','00000000-0000-0000-0000-000000000037',3,1,515.0,'Dee Why Public School', NOW()),
('00000000-0000-0000-0003-000000000038','00000000-0000-0000-0000-000000000038',2,1,525.0,'Narrabeen Sports High School', NOW()),
('00000000-0000-0000-0003-000000000039','00000000-0000-0000-0000-000000000039',2,1,510.0,'Northern Beaches Secondary College Mackellar Campus', NOW()),
('00000000-0000-0000-0003-000000000040','00000000-0000-0000-0000-000000000040',3,1,530.0,'Pittwater High School', NOW()),
('00000000-0000-0000-0003-000000000041','00000000-0000-0000-0000-000000000041',1,0,540.0,'St Leonards Park Public School', NOW()),
('00000000-0000-0000-0003-000000000042','00000000-0000-0000-0000-000000000042',2,0,545.0,'Crows Nest Public School', NOW()),
('00000000-0000-0000-0003-000000000043','00000000-0000-0000-0000-000000000043',2,0,548.0,'Cremorne Public School', NOW()),
('00000000-0000-0000-0003-000000000044','00000000-0000-0000-0000-000000000044',2,1,510.0,'Meadowbank Education Centre', NOW()),
('00000000-0000-0000-0003-000000000045','00000000-0000-0000-0000-000000000045',2,1,540.0,'Ryde Secondary College', NOW()),
('00000000-0000-0000-0003-000000000046','00000000-0000-0000-0000-000000000046',3,1,505.0,'Georges River College Kogarah Campus', NOW()),
('00000000-0000-0000-0003-000000000047','00000000-0000-0000-0000-000000000047',3,1,498.0,'Rockdale Public School', NOW()),
('00000000-0000-0000-0003-000000000048','00000000-0000-0000-0000-000000000048',3,1,508.0,'Caringbah High School', NOW()),
('00000000-0000-0000-0003-000000000049','00000000-0000-0000-0000-000000000049',4,1,510.0,'Maroubra Junction Public School', NOW()),
('00000000-0000-0000-0003-000000000050','00000000-0000-0000-0000-000000000050',2,0,530.0,'Kensington Public School', NOW())
ON CONFLICT (suburb_id) DO NOTHING;
